Status,Feature,Description,Priority,Complexity,Estimated Time,Dependencies,Assigned To
Done,User Authentication,Secure registration and login with password requirements,High,High,Completed,None,Team
Done,JWT Authentication,Access and refresh tokens with blacklisting,High,Medium,Completed,User Authentication,Team
Done,Two-Factor Authentication,Additional security layer for user accounts,Medium,Medium,Completed,User Authentication,Team
Done,Rate Limiting,Prevent brute force attacks,High,Low,Completed,None,Team
Done,Account Lockout,Security after failed login attempts,High,Low,Completed,User Authentication,Team
Done,Security Headers,Implementation with Helmet.js,High,Low,Completed,None,Team
Done,Password Encryption,Secure storage with bcrypt,High,Medium,Completed,User Authentication,Team
Done,Role-Based Access,Control access based on user roles,Medium,Medium,Completed,User Authentication,Team
Done,GPG Key Storage,Store user public keys,Low,Medium,Completed,User Authentication,Team
Done,Basic Book Search,Search by author and title,High,Medium,Completed,None,Team
Done,Advanced Search,Multiple criteria and filters,Medium,High,Completed,Basic Book Search,Team
Done,Results Caching,Redis implementation for performance,Medium,Medium,Completed,Redis Configuration,Team
Done,Pagination,Support for large result sets,Medium,Low,Completed,Book Search,Team
Done,User Collections,Personal book collections creation,High,Medium,Completed,User Authentication,Team
Done,Collection Privacy,Public/private collection options,Medium,Low,Completed,User Collections,Team
Done,Book Metadata,Notes and ratings in collections,Medium,Medium,Completed,User Collections,Team
Done,Profile Management,View and update user information,Medium,Medium,Completed,User Authentication,Team
Done,Redis Caching,Tag-based invalidation system,Medium,High,Completed,None,Team
Done,Error Handling,Structured approach across application,High,Medium,Completed,None,Team
Done,Request Logging,Comprehensive logging system,Medium,Low,Completed,None,Team
Done,API Communication,Axios instances configuration,Medium,Low,Completed,None,Team
Done,MongoDB Connection,Cloud database configuration,High,Medium,Completed,None,Team
Done,Redis Connection,Cloud Redis configuration,High,Medium,Completed,None,Team
In Progress,Email Verification,Verify new user accounts via email,High,Medium,2 weeks,User Authentication,Unassigned
In Progress,Password Reset,Secure password recovery workflow,High,Medium,2 weeks,User Authentication,Unassigned
In Progress,Test Coverage,Improve unit and integration tests,High,High,3 weeks,All Features,Unassigned
To Do,Book Recommendations,Basic recommendation system,Medium,High,3 weeks,Book Search,Unassigned
To Do,Social Sharing,Share public collections,Low,Medium,2 weeks,User Collections,Unassigned
To Do,Collection Export,Export to PDF/CSV formats,Low,Medium,1 week,User Collections,Unassigned
To Do,Mobile Responsive UI,Improve mobile experience,High,High,4 weeks,Frontend,Unassigned
To Do,Reading Progress,Track reading progress per book,Medium,Medium,2 weeks,User Collections,Unassigned
To Do,E-reader Integration,Connect with popular platforms,Low,High,4 weeks,None,Unassigned
To Do,Book Clubs,Group reading features,Low,High,4 weeks,User Collections,Unassigned
To Do,Reading Statistics,User insights dashboard,Medium,High,3 weeks,Reading Progress,Unassigned
To Do,OAuth Integration,Social login options,Medium,Medium,2 weeks,User Authentication,Unassigned
To Do,Enhanced Monitoring,Advanced logging and alerts,Medium,Medium,2 weeks,Request Logging,Unassigned
To Do,Security Audits,Regular security review process,High,Medium,Ongoing,All Security Features,Unassigned
To Do,ML Recommendations,Advanced personalized suggestions,Low,Very High,8 weeks,Book Recommendations,Unassigned
To Do,Social Features,Connect readers with similar interests,Low,High,6 weeks,User Profiles,Unassigned
To Do,Multi-API Integration,Connect to multiple book sources,Medium,High,4 weeks,Book Search,Unassigned
To Do,Reading Challenges,Gamification features,Low,Medium,3 weeks,User Profiles,Unassigned
To Do,Audiobook Support,Track and manage audiobooks,Low,High,4 weeks,Book Metadata,Unassigned
To Do,Query Optimization,Performance improvements for DB,Medium,High,3 weeks,All DB Operations,Unassigned
To Do,Frontend Performance,Optimize load times and rendering,High,Medium,3 weeks,Frontend,Unassigned
To Do,Notification System,User alerts and reminders,Medium,Medium,2 weeks,User Authentication,Unassigned
To Do,Admin Dashboard,Comprehensive admin controls,Medium,High,4 weeks,Role-Based Access,Unassigned
To Do,User Analytics,Track user behavior patterns,Low,High,3 weeks,Enhanced Monitoring,Unassigned
To Do,Content Moderation,Tools for public content review,Low,Medium,2 weeks,Social Features,Unassigned
